MicrotypeID,PerStartCost,PerEndCost,PerMileCost,VehicleSize
1,0,0,0.33239112600000004,1
2,0,0,0.337570121,1
3,0,0,0.330085389,1
4,0,0,0.33507469100000004,1
5,0,0,0.336640741,1
6,0,0,0.342731158,1
7,0,0,0.33112963300000003,1
