MicrotypeID,PerStartCost,PerEndCost,PerMileCost,VehicleSize
1,0,0,0.366589514,1
2,0,0,0.36997146399999997,1
3,0,0,0.366177853,1
4,0,0,0.368045246,1
5,0,0,0.382482174,1
6,0,0,0.35368227,1
7,0,0,0.349500889,1
