MicrotypeID,DiameterInMiles
1,0.666573079677715
2,1.51176268964826
3,3.69978875516937
4,0.812041838768982
5,3.49584771264803
6,11.1261104976487
