MicrotypeID,DiameterInMiles
1,0.620935501860842
2,1.60719956296344
3,4.00757561260534
4,0.828642491138361
5,3.92346525276508
6,11.5503569070676
