MicrotypeID,DiameterInMiles
A_1,1.31997319113447
A_2,1.19374568463017
A_3,3.5593752943583
A_4,1.13741793582592
A_5,2.51742681457405
A_6,2.6179994106352
B_1,1.14462095664539
B_2,1.6028525753114
B_3,2.70649364584473
B_4,1.44571365808185
B_5,3.73831761521321
B_6,11.9507722048111
