MicrotypeID,DiameterInMiles
1,1.237501395
2,1.248505607
3,3.052126011
4,1.036836839
5,2.274372338
6,3.158516661