MicrotypeID,DiameterInMiles
1,0.2485490946599227
2,0.2485490946599227
3,0.2485490946599227
4,0.2485490946599227
5,0.2485490946599227
6,0.2485490946599227