MicrotypeID,DiameterInMiles
1,0.940085568155089
2,1.1000560111347
3,2.98918102776557
4,1.12963513799521
5,2.35368839892559
6,2.6179994106352
