MicrotypeID,DiameterInMiles
1,0.1242745473299613
2,0.1242745473299613
3,0.1242745473299613
4,0.1242745473299613
5,0.1242745473299613
6,0.1242745473299613
