MicrotypeID,DiameterInMiles
1,1.31997319113447
2,1.19374568463017
3,3.5593752943583
4,1.13741793582592
5,2.51742681457405
6,2.6179994106352
