MicrotypeID,PerStartCost,PerEndCost,PerMileCost,VehicleSize
2,0,0,0.332949263,1
3,0,0,0.330684643,1
4,0,0,0.326728938,1
5,0,0,0.34575432700000003,1
6,0,0,0.342602099,1
