DistanceBinID,MeanDistanceInMiles
medium,2.06755696721311
short,0.626098250120405
xlong,20.2108171761866
long,4.94588587055606
