MicrotypeID,ModeTypeID,CostPerMeter
1,bus,0.07810914
2,bus,0.07745187
3,bus,0.08607998
4,bus,0.07638173
5,bus,0.07142748
6,bus,0.07628723
7,bus,0.03771167
