MicrotypeID,DiameterInMiles
1,1.0290621597543
2,1.09165452378991
3,2.5745524278946
4,1.15430518321281
5,1.78032105890953
6,2.39048152551183