MicrotypeID,LengthNetwork
1,9101.666355088
2,8539.74760917
3,11094.70933411
4,1254.585029377
5,3889.820857835
6,849.840925
