MicrotypeID,CapCostPerBike,DailyOpCostPerBike,CapCostPerDock,DailyOpCostPerDock,DocksPerBike,DocksPerStation,PerStartCost,PerMinuteCost,StationDensity,SpeedInMetersPerSecond,VehicleSize,DedicatedLanePreference,PerMileCost,BikesPerCapita,PerEndCost
1,9000,9.31506849315068,4500,4.65753424657534,2,15,2.5,0.05,0.36157507,4.2,0.2,0.7,5.63269,0.36157507,0.0
2,9000,9.31506849315068,4500,4.65753424657534,2,15,2.5,0.05,0.2256556,4.2,0.2,0.7,5.63269,0.2256556,0.0
3,9000,9.31506849315068,4500,4.65753424657534,2,15,2.5,0.05,0.73275012,4.2,0.2,0.7,5.63269,0.73275012,0.0
4,9000,9.31506849315068,4500,4.65753424657534,2,15,2.5,0.05,3.10091327,4.2,0.2,0.7,5.63269,3.10091327,0.0
5,9000,9.31506849315068,4500,4.65753424657534,2,15,2.5,0.05,0.33776425,4.2,0.2,0.7,5.63269,0.33776425,0.0
6,9000,9.31506849315068,4500,4.65753424657534,2,15,2.5,0.05,0.1420815,4.2,0.2,0.7,5.63269,0.1420815,0.0
