MicrotypeID,avg_through_length
1,0.0621372736649806
2,0.0621372736649806
3,0.0621372736649806
4,0.0621372736649806
5,0.0621372736649806
6,0.0621372736649806
