MicrotypeID,DiameterInMiles
1,1.14462095664539
2,1.6028525753114
3,2.70649364584473
4,1.44571365808185
5,3.73831761521321
6,11.9507722048111
