MicrotypeID,DiameterInMiles
1,1.06401502301098
2,1.49275370474783
3,2.4647941467947
4,1.46017534411981
5,3.57104821390324
6,11.9824131686436
