MicrotypeID,PerStartCost,PerEndCost,PerMileCost,VehicleSize
1,0,0,0.340491727,1
2,0,0,0.34018203,1
3,0,0,0.33747012200000004,1
4,0,0,0.342491174,1
5,0,0,0.331072512,1
6,0,0,0.335721299,1
7,0,0,0.441071682,1
