MicrotypeID,PerStartCost,PerEndCost,PerMileCost,VehicleSize
1,0,0,0.33534086,1
2,0,0,0.35074414600000003,1
3,0,0,0.344943755,1
4,0,0,0.351686021,1
5,0,0,0.35165598,1
6,0,0,0.326693338,1
