MicrotypeID,ModeTypeID,CostPerMeter
1,bus,0.07780214
2,bus,0.07734351
3,bus,0.08507822
4,bus,0.07598200000000001
5,bus,0.05641419
6,bus,0.030048900000000003
