MicrotypeID,DiameterInMiles
1,0.451305454
2,0.683231741
3,0.918524036
4,1.332474675
5,1.617186415
6,3.5642089510000003
