MicrotypeID,DiameterInMiles
1,0.938205808207518
2,1.44061875401254
3,3.5974163881377406
4,2.41748215599638
5,3.07229993332543
6,8.42529939532505
