MicrotypeID,CapCostPerBike,DailyOpCostPerBike,CapCostPerDock,DailyOpCostPerDock,DocksPerBike,DocksPerStation,PerStartCost,PerMinuteCost,StationDensity,SpeedInMetersPerSecond,VehicleSize,DedicatedLanePreference,PerMileCost,BikesPerCapita,PerEndCost
1,9000,9.31506849315068,4500,4.65753424657534,2,15,2.5,0.05,0.1925133,4.2,0.2,0.7,5.63269,0.1925133,0.0
2,9000,9.31506849315068,4500,4.65753424657534,2,15,2.5,0.05,0.27352745,4.2,0.2,0.7,5.63269,0.27352745,0.0
3,9000,9.31506849315068,4500,4.65753424657534,2,15,2.5,0.05,0.29424519,4.2,0.2,0.7,5.63269,0.29424519,0.0
4,9000,9.31506849315068,4500,4.65753424657534,2,15,2.5,0.05,0.09311244,4.2,0.2,0.7,5.63269,0.09311244,0.0
5,9000,9.31506849315068,4500,4.65753424657534,2,15,2.5,0.05,0.12767944,4.2,0.2,0.7,5.63269,0.12767944,0.0
6,9000,9.31506849315068,4500,4.65753424657534,2,15,2.5,0.05,0.0,4.2,0.2,0.7,5.63269,0.0,0.0
