MicrotypeID,DiameterInMiles
1,1.0747366957608
2,1.6205396002110202
3,3.6091914997519905
4,2.20885973950013
5,3.9224887823753
6,11.512789985643499
