MicrotypeID,DiameterInMiles
1,0.564534625449936
2,1.61842054073632
3,2.61901248772736
4,2.20751108337452
5,5.62460626469212
6,8.74380225001566
