MicrotypeID,DiameterInMiles
1,0.565925644813997
2,1.56955758062364
3,2.6235885097317
4,2.20751108337452
5,5.4081302345136
6,8.74602447777195
