MicrotypeID,DiameterInMiles
2,2.56026862982686
3,6.18975191585017
5,5.36057482757978
6,16.8325665230583
