MicrotypeID,DiameterInMiles
2,2.55563976180053
3,6.18880082737295
5,5.36057482757978
6,16.8325665230583
