MicrotypeID,PerStartCost,DailyCostPerVehicle,geotype,DirectionalRouteMiles,SeniorFareDiscount,Headway,VehicleCapacity,VehicleSize,StopSpacingKM,PopulationMicrotypeID,VehicleRevenueHoursPerDay,VehicleRevenueMilesPerDay,coveragePortion,StopSpacing,PassengerWait,PassengerWaitDedicated,MinStopTime,VehicleOperatingCostPerHour,CoveragePortion,PerEndCost,PerMileCost
1,1.914624,1761,B,21148.0943097663,0.5,672.4129939815007,40.0,3.0,,919322.0,34377.9280822045,452895.111763728,0.0,400.0,6.0,3.0,7.0,88.05,3.139021594783982,0.0,0.0
2,1.8620512,1761,B,64590.3198025798,0.5,672.4129939815039,40.0,3.0,,2807785.0,104996.759351231,1383228.18488355,0.0,400.0,6.0,3.0,7.0,88.05,2.677708806321336,0.0,0.0
3,1.860165,1761,B,23938.3199359501,0.5,672.4129939815034,40.0,3.0,,1040615.0,38913.6642343632,512648.937725858,0.0,400.0,6.0,3.0,7.0,88.05,1.2344497067781697,0.0,0.0
4,1.8798035,1761,B,3201.53736054735,0.5,672.412993981503,40.0,3.0,,139173.0,5204.35645506651,68562.2354185946,0.0,400.0,6.0,3.0,7.0,88.05,1.3826312150437745,0.0,0.0
5,1.9333829,1761,B,32250.8196681811,0.5,672.4129939815031,40.0,3.0,,1401965.0,52426.3010607468,690664.528167317,0.0,400.0,6.0,3.0,7.0,88.05,0.7843290133550389,0.0,0.0
6,1.5637879,1761,B,9208.06892297539,0.5,672.4129939815016,40.0,3.0,,400281.0,14968.4565698122,197194.571903965,0.0,400.0,6.0,3.0,7.0,88.05,0.2342733346912518,0.0,0.0
