origin microtype,mode,fraction
A,auto,0.673528338
A,bike,0.014784594
A,bus,0.051638307
A,rail,0.024245475
A,walk,0.211866834
B,auto,0.83614472
B,bike,0.014285876
B,bus,0.018228259
B,rail,0.007462841
B,walk,0.115531321
C,auto,0.838438379
C,bike,0.009560914
C,bus,0.025596448
C,rail,0.010286149
C,walk,0.104074321
D,auto,0.849613772
D,bike,0.014795991
D,bus,0.013538277
D,rail,0.010498579
D,walk,0.106995674
