MicrotypeID,CapCostPerBike,DailyOpCostPerBike,CapCostPerDock,DailyOpCostPerDock,DocksPerBike,DocksPerStation,PerStartCost,PerMinuteCost,StationDensity,SpeedInMetersPerSecond,VehicleSize,DedicatedLanePreference,PerMileCost,BikesPerCapita,PerEndCost
1,9000,9.31506849315068,4500,4.65753424657534,2,15,2.5,0.05,0.59395651,4.2,0.2,0.7,5.63269,0.59395651,0.0
2,9000,9.31506849315068,4500,4.65753424657534,2,15,2.5,0.05,0.36189441,4.2,0.2,0.7,5.63269,0.36189441,0.0
3,9000,9.31506849315068,4500,4.65753424657534,2,15,2.5,0.05,0.44948968,4.2,0.2,0.7,5.63269,0.44948968,0.0
4,9000,9.31506849315068,4500,4.65753424657534,2,15,2.5,0.05,0.32302314,4.2,0.2,0.7,5.63269,0.32302314,0.0
5,9000,9.31506849315068,4500,4.65753424657534,2,15,2.5,0.05,0.29427158,4.2,0.2,0.7,5.63269,0.29427158,0.0
6,9000,9.31506849315068,4500,4.65753424657534,2,15,2.5,0.05,0.14216773,4.2,0.2,0.7,5.63269,0.14216773,0.0
