DistanceBinID,MeanDistanceInMiles
long,5.0126086396135
xlong,25.7819859202986
medium,2.08364513769669
short,0.62928767141747
