MicrotypeID,DiameterInMiles
1,0.877364822168862
2,1.29611727922697
3,3.04676933952712
4,1.9594941395028704
5,2.7166728669251
6,4.37245303689019
