MicrotypeID,DiameterInMiles
1,0.34180544700000004
2,0.661148899
3,0.8516352759999999
4,1.095784977
5,0.50185980000002
6,2.9607001