DistanceBinID,MeanDistanceInMiles
short,0.627672202578988
xlong,25.7277691877078
long,5.01427661305386
medium,2.08289434230827
