MicrotypeID,DiameterInMiles
1,0.885063824230817
2,1.90905517099125
3,4.03245951719573
4,2.651676243530241
5,4.03773346126424
6,11.765847001365099
