MicrotypeID,PerStartCost,PerEndCost,PerMileCost,VehicleSize,SpeedInMetersPerSecond
1,0,2.338942815,0.10881138,0.2,1.4
2,0,0.4700959729999999,0.10500373,0.2,1.4
3,0,0.560803006,0.10584473,0.2,1.4
4,0,0.184312811,0.1055079999999999,0.2,1.4
5,0,0.1725949269999999,0.10469785,0.2,1.4
6,0,0.4701085379999999,0.10355991,0.2,1.4
