MicrotypeID,PerStartCost,PerEndCost,PerMileCost,VehicleSize
1,0,0,0.412759073,1
2,0,0,0.404417805,1
3,0,0,0.40965981799999995,1
4,0,0,0.381561847,1
5,0,0,0.330111112,1
6,0,0,0.35118343700000004,1
7,0,0,0.45004168899999997,1
