MicrotypeID,CapCostPerBike,DailyOpCostPerBike,CapCostPerDock,DailyOpCostPerDock,DocksPerBike,DocksPerStation,PerStartCost,PerMinuteCost,SpeedInMetersPerSecond,VehicleSize,DedicatedLanePreference,PerMileCost
1,9000,9.31506849315068,4500,4.65753424657534,2,15,2.5,0.05,4.2,0.2,0.7,5.63269
2,9000,9.31506849315068,4500,4.65753424657534,2,15,2.5,0.05,4.2,0.2,0.7,5.63269
3,9000,9.31506849315068,4500,4.65753424657534,2,15,2.5,0.05,4.2,0.2,0.7,5.63269
4,9000,9.31506849315068,4500,4.65753424657534,2,15,2.5,0.05,4.2,0.2,0.7,5.63269
5,9000,9.31506849315068,4500,4.65753424657534,2,15,2.5,0.05,4.2,0.2,0.7,5.63269
6,9000,9.31506849315068,4500,4.65753424657534,2,15,2.5,0.05,4.2,0.2,0.7,5.63269
