MicrotypeID,PerStartCost,DailyCostPerVehicle,geotype,DirectionalRouteMiles,SeniorFareDiscount,Headway,VehicleCapacity,VehicleSize,StopSpacingKM,PopulationMicrotypeID,VehicleRevenueHoursPerDay,VehicleRevenueMilesPerDay,coveragePortion,StopSpacing,PassengerWait,PassengerWaitDedicated,MinStopTime,VehicleOperatingCostPerHour,CoveragePortion,PerEndCost,PerMileCost
1,2.4427197,2004,A,50669.475510671,0.5,443.3520993412606,40.0,3.0,,5669015.0,150014.444229223,1645735.85743199,0.0,400.0,6.0,3.0,7.0,100.2,1.4054880590993044,0.0,0.0
2,2.0591331,2004,A,53575.0033828997,0.5,443.3520993412606,40.0,3.0,,5994092.0,158616.687385522,1740106.90342965,0.0,400.0,6.0,3.0,7.0,100.2,1.2254415315330414,0.0,0.0
3,2.0707642,2004,A,34733.4536942611,0.5,443.3520993412603,40.0,3.0,,3886057.0,102833.504779593,1128136.60731619,0.0,400.0,6.0,3.0,7.0,100.2,0.5605028522653258,0.0,0.0
4,1.9143464,2004,A,5657.40313399433,0.5,443.35209934125993,40.0,3.0,,632963.0,16749.5751312462,183751.481611484,0.0,400.0,6.0,3.0,7.0,100.2,1.022703057189171,0.0,0.0
5,1.9132631,2004,A,15699.853883988,0.5,443.35209934125874,40.0,3.0,,1756535.0,46481.7295057746,509928.556254359,0.0,400.0,6.0,3.0,7.0,100.2,0.5083975450521482,0.0,0.0
6,2.1553511,2004,A,144.750394185818,0.5,443.3520993412596,40.0,3.0,,16195.0,428.554859052634,4701.46792892788,0.0,400.0,6.0,3.0,7.0,100.2,0.0512838536021713,0.0,0.0
