MicrotypeID,DiameterInMiles
2,1.69232285374327
4,4.84009822277935
5,7.41996149132926
6,21.428622741989
