DistanceBinID,MeanDistanceInMiles
short,0.631100445727918
long,4.95425954652518
medium,2.0646970603538
xlong,26.79794198248
