MicrotypeID,DiameterInMiles
1,0.7766793608571559
2,1.4915266655656698
3,4.36239985580748
4,1.7404304882246298
5,4.2244456995674105
6,11.7257726463551
