DistanceBinID,MeanDistanceInMiles
long,5.01460139057032
medium,2.08297325417871
xlong,25.7235550524379
short,0.627647882852854
