MicrotypeID,ModeTypeID,CostPerMeter
1,bus,0.06183717
2,bus,0.06163746
3,bus,0.06701173
4,bus,0.06032392
5,bus,0.05730824
6,bus,0.05993541
