MicrotypeID,DiameterInMiles
1,0.498381914
2,0.750662024
3,1.197556138
4,1.333542614
5,1.8103684119999999
6,4.1773898869999995
