MicrotypeID,DiameterInMiles
1,0.68077583507389
2,1.60510982120377
3,4.68380878188695
4,2.40263976961126
5,4.24736033064228
6,10.667711984838
