MicrotypeID,CapCostPerBike,DailyOpCostPerBike,CapCostPerDock,DailyOpCostPerDock,DocksPerBike,DocksPerStation,PerStartCost,PerMinuteCost,SpeedInMetersPerSecond,VehicleSize,DedicatedLanePreference,PerMileCost,VehicleOperatingCostPerHour,PerEndCost,BikesPerCapita
1,9000,9.31506849315068,4500,4.65753424657534,2,15,0.0,0.05,4.2,0.2,0.7,0.0,0.0,0.0,0.97491752
2,9000,9.31506849315068,4500,4.65753424657534,2,15,0.0,0.05,4.2,0.2,0.7,0.0,0.0,0.0,0.54507924
3,9000,9.31506849315068,4500,4.65753424657534,2,15,0.0,0.05,4.2,0.2,0.7,0.0,0.0,0.0,0.8856624
4,9000,9.31506849315068,4500,4.65753424657534,2,15,0.0,0.05,4.2,0.2,0.7,0.0,0.0,0.0,0.46933499
5,9000,9.31506849315068,4500,4.65753424657534,2,15,0.0,0.05,4.2,0.2,0.7,0.0,0.0,0.0,0.28167725
6,9000,9.31506849315068,4500,4.65753424657534,2,15,0.0,0.05,4.2,0.2,0.7,0.0,0.0,0.0,0.0
