MicrotypeID,CapCostPerBike,DailyOpCostPerBike,CapCostPerDock,DailyOpCostPerDock,DocksPerBike,DocksPerStation,PerStartCost,PerMinuteCost,StationDensity,SpeedInMetersPerSecond,VehicleSize,DedicatedLanePreference,PerMileCost,BikesPerCapita,PerEndCost
2,9000,9.31506849315068,4500,4.65753424657534,2,15,2.5,0.05,0.0,4.2,0.2,0.7,5.63269,0.0,0.0
3,9000,9.31506849315068,4500,4.65753424657534,2,15,2.5,0.05,0.0,4.2,0.2,0.7,5.63269,0.0,0.0
5,9000,9.31506849315068,4500,4.65753424657534,2,15,2.5,0.05,0.0,4.2,0.2,0.7,5.63269,0.0,0.0
6,9000,9.31506849315068,4500,4.65753424657534,2,15,2.5,0.05,3.58971988,4.2,0.2,0.7,5.63269,3.58971988,0.0
